start_date,end_date,symbol,name,holding_days,period_return,contribution_to_total_return,max_drawdown_during_holding
2014-01-15,2014-01-20,513100,纳指ETF国泰,4,0.00425894378194247,0.00425894378194247,-0.005902192242832838
2014-01-21,2014-01-21,159934,黄金ETF易方达,1,-0.0041326710717994874,-0.004150271885563495,-0.01001047149549017
2014-01-22,2014-01-22,513100,纳指ETF国泰,1,0.002525252525252597,0.0025255269492332477,-0.007510497938660654
2014-01-23,2014-01-28,159934,黄金ETF易方达,4,0.00791242589019836,0.007933268793344217,-0.009992653126293938
2014-01-29,2014-02-24,980080.CN,国证成长100指数,14,0.05197155944875331,0.05252076722137411,-0.025963202603194624
2014-02-25,2014-03-06,399439.SZ,国证石油天然气指数,8,0.04364043988949584,0.046393638210652455,-0.0422311738578226
2014-03-07,2014-03-07,159934,黄金ETF易方达,1,0.008542208393941486,0.009477425369072812,0.0
2014-03-10,2014-03-12,399439.SZ,国证石油天然气指数,3,-0.05664155632390988,-0.06337959612675514,-0.05664155632390988
2014-03-13,2014-03-21,159934,黄金ETF易方达,7,-0.008741788456455457,-0.009227654456551049,-0.06488819627713727
2014-03-24,2014-03-24,511880,银华日利ETF,1,0.00010821298230179188,0.00011322887563625095,-0.06478700504007073
2014-03-25,2014-03-25,159934,黄金ETF易方达,1,-0.010275169026530695,-0.010752607598820463,-0.07439647663909199
2014-03-26,2014-03-26,511880,银华日利ETF,1,0.00010914584757504286,0.0001130437371168469,-0.07429545085801625
2014-03-27,2014-04-21,980081.CNI,国证价值100指数,17,0.015226850599095565,0.01577236337658361,-0.08012063557869442
2014-04-22,2014-04-23,399439.SZ,国证石油天然气指数,2,0.0056872457992005465,0.005980696741584746,-0.05485501173883267
2014-04-24,2014-04-30,511880,银华日利ETF,5,0.001201437908371794,0.0012706152289581052,-0.054753093366305294
2014-05-05,2014-05-12,159934,黄金ETF易方达,6,-0.003944711380990618,-0.004176855232457699,-0.057781990782753145
2014-05-13,2014-05-15,513100,纳指ETF国泰,3,-0.012562814070351425,-0.013249654937001587,-0.06929333399329196
2014-05-16,2014-05-16,511880,银华日利ETF,1,0.0003150847539912238,0.0003281364713307866,-0.06900008251239509
2014-05-19,2014-05-26,513100,纳指ETF国泰,6,0.02613827993254647,0.0272295796375297,-0.065075125018771
2014-05-27,2014-05-27,159934,黄金ETF易方达,1,-0.004803166228920297,-0.0051344914892270666,-0.049253977199087084
2014-05-28,2014-06-30,513100,纳指ETF国泰,23,0.030032467532467688,0.03194992353791837,-0.051569105501361956
2014-07-01,2014-07-07,159934,黄金ETF易方达,5,-0.0005365857332210178,-0.0005879885141824026,-0.021226206155531058
2014-07-08,2014-07-09,980080.CN,国证成长100指数,2,-0.016625459450977154,-0.01820833682102796,-0.03749877017677139
2014-07-10,2014-07-15,159934,黄金ETF易方达,4,-0.007539449630457717,-0.00811998499673261,-0.04475549971827719
2014-07-16,2014-07-17,513100,纳指ETF国泰,2,-0.007757951900698279,-0.008292317423382212,-0.05216624060486941
2014-07-18,2014-08-11,980081.CNI,国证价值100指数,17,0.07707977485077278,0.0817498378821373,-0.04398092853751656
2014-08-12,2014-08-18,399439.SZ,国证石油天然气指数,5,-0.002158226798317009,-0.0024654228361686847,-0.021024178146610395
2014-08-19,2014-09-22,980080.CN,国证成长100指数,24,0.054562028493611026,0.062193718367062445,-0.03531748300093529
2014-09-23,2014-09-24,511880,银华日利ETF,2,0.00020351127283668724,0.0002446338864225961,-0.026066620323771272
2014-09-25,2014-10-17,980080.CN,国证成长100指数,12,-0.005137269705123626,-0.006176591590669744,-0.03564539603720851
2014-10-20,2014-10-21,511880,银华日利ETF,2,0.00021227947949453707,0.0002539146125284386,-0.035561526960185996
2014-10-22,2014-10-27,159934,黄金ETF易方达,4,-0.019122124281848896,-0.022877470249545118,-0.05388510647414557
2014-10-28,2014-10-29,511880,银华日利ETF,2,0.0002027595859965814,0.0002379404055183887,-0.053785211420481205
2014-10-30,2014-10-31,980080.CN,国证成长100指数,2,-0.009811738142039284,-0.011516507617753247,-0.06297818642122965
2014-11-03,2014-11-17,513100,纳指ETF国泰,11,0.013225569434239803,0.015371172757959073,-0.06297818642122988
2014-11-18,2015-01-19,980081.CNI,国证价值100指数,43,0.27200001403217877,0.3203079302708449,-0.08529603225351912
2015-01-20,2015-01-27,159934,黄金ETF易方达,6,0.009981332439186419,0.014951143207022621,-0.08461583276998907
2015-01-28,2015-02-05,980080.CN,国证成长100指数,7,-0.02189904432162393,-0.033130225367045574,-0.1073662023527383
2015-02-06,2015-02-10,511880,银华日利ETF,3,0.000507563528648225,0.0007510577274709718,-0.09612731315696665
2015-02-11,2015-02-16,513100,纳指ETF国泰,4,0.02363896848137559,0.034997079861683655,-0.09205286114804945
2015-02-17,2015-02-17,980080.CN,国证成长100指数,1,0.0005552100961436768,0.0008414095798430221,-0.07405362172173724
2015-02-25,2015-03-10,513100,纳指ETF国泰,10,-0.009783368273934334,-0.014834726953787847,-0.08311249614234917
2015-03-11,2015-06-16,980080.CN,国证成长100指数,68,1.0342162590038826,1.552861536265435,-0.08626472508391991
2015-06-17,2015-06-19,980081.CNI,国证价值100指数,3,-0.07010923543244096,-0.214137991012056,-0.12621177512358284
2015-06-23,2015-07-17,511880,银华日利ETF,19,0.002449747369803079,0.006957796579465825,-0.12614328993203283
2015-07-20,2015-07-31,513100,纳指ETF国泰,10,-0.014559894109860472,-0.04145445926736624,-0.15015777682096643
2015-08-03,2015-08-10,511880,银华日利ETF,6,0.0005176867214267133,0.0014524804548083914,-0.13676506449014514
2015-08-11,2015-08-12,980080.CN,国证成长100指数,2,-0.022305819574478414,-0.06261613062534588,-0.15564159184196003
2015-08-13,2015-08-19,513100,纳指ETF国泰,5,0.005917159763313862,0.016239938016503697,-0.15064538824339158
2015-08-20,2015-09-07,159934,黄金ETF易方达,11,-0.0037626554324932115,-0.01038789947019536,-0.1538412169874307
2015-09-08,2015-09-29,511880,银华日利ETF,16,0.0014127301576658535,0.0038855752342152883,-0.15378370925662888
2015-09-30,2015-09-30,399439.SZ,国证石油天然气指数,1,0.0005874294069341257,0.0016179492603360934,-0.15214806219481125
2015-10-08,2015-10-30,980080.CN,国证成长100指数,17,0.16058838988604296,0.44256636073335764,-0.11571794789889966
2015-11-02,2015-11-04,513100,纳指ETF国泰,3,0.011508951406649759,0.03681105247707128,-0.019426519881328375
2015-11-05,2015-11-06,980080.CN,国证成长100指数,2,0.02784399892543421,0.09008320248244273,-0.016396035290826894
2015-11-09,2015-11-09,513100,纳指ETF国泰,1,-0.009481668773704266,-0.03153001615223916,-0.009481668773704266
2015-11-10,2015-11-26,980080.CN,国证成长100指数,13,0.022806433062720455,0.07512064312361622,-0.05403305902211153
2015-11-27,2015-11-27,511880,银华日利ETF,1,0.0002036369927322923,0.0006860441357883218,-0.009000065202637297
2015-11-30,2015-12-03,513100,纳指ETF国泰,4,-0.014501891551071844,-0.048866188282779444,-0.023371438784187792
2015-12-04,2015-12-04,980081.CNI,国证价值100指数,1,-0.0135990620787807,-0.045159441507871545,-0.036652671216071964
2015-12-07,2015-12-09,513100,纳指ETF国泰,3,-0.015037593984962516,-0.04925739465923762,-0.05113909721282284
2015-12-10,2015-12-15,511880,银华日利ETF,4,0.00042579163035871836,0.0013737568078364681,-0.05107503531576463
2015-12-16,2015-12-16,980081.CNI,国证价值100指数,1,-0.007670562367688816,-0.024758528103404398,-0.058016475952964
2015-12-17,2015-12-17,513100,纳指ETF国泰,1,-0.011889862327910006,-0.03808292678273206,-0.06921653036904285
2015-12-18,2016-01-04,980081.CNI,国证价值100指数,11,-0.05865213852087259,-0.18562766358262506,-0.12380897136277613
2016-01-05,2016-01-22,159934,黄金ETF易方达,14,0.034213704533833544,0.1019316578314835,-0.11650041595900096
2016-01-25,2016-01-26,511880,银华日利ETF,2,0.00014984055887823367,0.0004616880776624477,-0.09376781180025173
2016-01-27,2016-03-15,159934,黄金ETF易方达,30,0.08675026435900546,0.26733458842552027,-0.09569030504166931
2016-03-16,2016-03-21,513100,纳指ETF国泰,4,0.009940357852882498,0.03329017815958002,-0.02901374519929445
2016-03-22,2016-03-29,980081.CNI,国证价值100指数,6,-0.03322301523233573,-0.1123696097620237,-0.05507252481597147
2016-03-30,2016-04-20,980080.CN,国证成长100指数,15,0.03216024404050932,0.10516118370975303,-0.052109186215949066
2016-04-21,2016-04-21,511880,银华日利ETF,1,6.956645826461383e-05,0.00023479192194919563,-0.05204324480921252
2016-04-22,2016-04-26,513100,纳指ETF国泰,3,-0.018565941101152506,-0.06266577819437202,-0.0696429540925243
2016-04-27,2016-04-27,511880,银华日利ETF,1,6.953817735100287e-05,0.0002303551347866417,-0.06957825875926615
2016-04-28,2016-05-17,159934,黄金ETF易方达,13,0.027416979680414233,0.09082897292629966,-0.06664011446214824
2016-05-18,2016-05-26,511880,银华日利ETF,7,0.0006036039966061946,0.002054488140566857,-0.04400252381391212
2016-05-27,2016-05-30,513100,纳指ETF国泰,2,0.00512163892445594,0.017443055082665193,-0.03859301184428021
2016-05-31,2016-05-31,511880,银华日利ETF,1,5.959570982061457e-05,0.00020400800763420435,-0.03853571611239459
2016-06-01,2016-06-13,513100,纳指ETF国泰,7,-0.022151898734177222,-0.07583488916412806,-0.059833975565601105
2016-06-14,2016-06-27,980080.CN,国证成长100指数,10,0.07662853203960429,0.2565192737594657,-0.060794809763658586
2016-06-28,2016-07-14,159934,黄金ETF易方达,13,0.015980724101498867,0.057595935207652715,-0.023284346590146998
2016-07-15,2016-07-20,980080.CN,国证成长100指数,4,0.0015033369187078538,0.005504744573142872,-0.029499383319668282
2016-07-21,2016-08-17,513100,纳指ETF国泰,20,0.018159806295399594,0.06659543521229017,-0.024776619174134762
2016-08-18,2016-08-26,980081.CNI,国证价值100指数,7,-0.024583645231549878,-0.09179002288833082,-0.03377484763219485
2016-08-29,2016-08-29,399439.SZ,国证石油天然气指数,1,0.0020255324659592677,0.007376977178330968,-0.03181772721664744
2016-08-30,2016-08-30,980080.CN,国证成长100指数,1,0.0010929024635089046,0.003988406580047954,-0.030759598425596835
2016-08-31,2016-09-05,513100,纳指ETF国泰,4,0.002956830277941913,0.010802363774212953,-0.030759598425596835
2016-09-06,2016-09-12,399439.SZ,国证石油天然气指数,5,-0.012585187373352458,-0.046114162721283325,-0.040127858752064594
2016-09-13,2016-09-13,980081.CNI,国证价值100指数,1,-0.0028305146402812786,-0.010240936784512211,-0.042844790900665064
2016-09-14,2016-09-21,511880,银华日利ETF,4,0.0005201245826422785,0.001876508950298117,-0.04254388933275044
2016-09-22,2016-10-12,513100,纳指ETF国泰,10,2.220446049250313e-16,8.881784197001252e-16,-0.049606128578313924
2016-10-13,2016-10-14,511880,银华日利ETF,2,0.00026441316142933324,0.0009544477471088442,-0.042290399357985176
2016-10-17,2016-10-17,980080.CN,国证成长100指数,1,-0.0065471319351980695,-0.02363932106084743,-0.048365273576070344
2016-10-18,2016-10-21,513100,纳指ETF国泰,4,0.01404330017554134,0.05037329425410064,-0.04224006468744357
2016-10-24,2016-10-25,980080.CN,国证成长100指数,2,0.008047263442314101,0.029270887684645253,-0.029501151976585982
2016-10-26,2016-12-08,980081.CNI,国证价值100指数,32,0.05736306135450997,0.21032983928240823,-0.05111826683299414
2016-12-09,2016-12-31,399439.SZ,国证石油天然气指数,17,0.031454327653964054,0.12194755858858342,-0.051427883500949734
2017-01-03,2017-01-03,511880,银华日利ETF,1,2.0161926568507127e-05,8.062592954161119e-05,-0.02852490078804293
2017-01-04,2017-01-17,399439.SZ,国证石油天然气指数,10,0.013541762223568066,0.054153514364478905,-0.034226486475945395
2017-01-18,2017-01-25,159934,黄金ETF易方达,6,-0.015026385212318805,-0.06090425405684652,-0.043127641331761835
2017-01-26,2017-02-06,980081.CNI,国证价值100指数,3,-0.004366144831087215,-0.01743074080418916,-0.04860448728668543
2017-02-07,2017-02-20,513100,纳指ETF国泰,10,0.028372591006423864,0.11277591533195919,-0.043628079301392786
2017-02-21,2017-02-22,980081.CNI,国证价值100指数,2,0.005281558509910855,0.021588871993161618,-0.021405314880573956
2017-02-23,2017-03-01,980080.CN,国证成长100指数,5,0.002015831189322359,0.00828342094916934,-0.023033200041755242
2017-03-02,2017-03-06,513100,纳指ETF国泰,3,-0.005635245901639552,-0.023202940512537573,-0.018566381752725625
2017-03-07,2017-03-29,980080.CN,国证成长100指数,17,0.009368096177876817,0.0383554619400428,-0.03164760754176543
2017-03-30,2017-04-17,980081.CNI,国证价值100指数,11,0.01417854965555243,0.058594554804876076,-0.02290638955432689
2017-04-18,2017-04-25,159934,黄金ETF易方达,6,-0.012512388503468808,-0.05244210209953426,-0.021281032714022707
2017-04-26,2017-04-28,980081.CNI,国证价值100指数,3,-0.010133362048905803,-0.04193967750528582,-0.03119874635366271
2017-05-02,2017-05-17,513100,纳指ETF国泰,12,-0.0034619188921857225,-0.014182902032353617,-0.03455265771643423
2017-05-18,2017-05-19,511880,银华日利ETF,2,0.0003950285312821489,0.001612763097529779,-0.034457312905021076
2017-05-22,2017-05-23,513100,纳指ETF国泰,2,0.0068459657701713805,0.027960720720662913,-0.028031535986732803
2017-05-24,2017-05-24,511880,银华日利ETF,1,8.830931810499543e-05,0.00036314762141298473,-0.027473372523646677
2017-05-25,2017-06-01,513100,纳指ETF国泰,4,0.004826254826254539,0.01984838942034628,-0.022779711194127805
2017-06-02,2017-06-28,980081.CNI,国证价值100指数,19,0.060597912805852694,0.25041691625189255,-0.03244719914472993
2017-06-29,2017-07-17,980080.CN,国证成长100指数,13,0.003949316633383715,0.01730926870013061,-0.04160647236626125
2017-07-18,2017-07-18,980081.CNI,国证价值100指数,1,0.0031048214647377836,0.013661713893469596,-0.03863083156999825
2017-07-19,2017-08-11,980080.CN,国证成长100指数,18,0.012631555539537542,0.05575344501245194,-0.0526632486892592
2017-08-14,2017-08-15,159934,黄金ETF易方达,2,-0.0072668118602075005,-0.03247956804076768,-0.05954736662929461
2017-08-16,2017-08-17,511880,银华日利ETF,2,0.00019570210705954771,0.0008683491251044728,-0.05945534234832439
2017-08-18,2017-09-05,159934,黄金ETF易方达,13,0.014881464144339995,0.06604341407865366,-0.06048966546710055
2017-09-06,2017-09-21,980080.CN,国证成长100指数,12,-0.0013340766905112211,-0.006008692375286451,-0.04663882295755384
2017-09-22,2017-09-30,980081.CNI,国证价值100指数,7,-6.031974654474581e-05,-0.00027131819124370793,-0.05083914751892038
2017-10-09,2017-10-09,513100,纳指ETF国泰,1,0.01483253588516753,0.06671271501382314,-0.03255641855940361
2017-10-10,2017-10-16,980081.CNI,国证价值100指数,5,-0.002131066567073514,-0.009727127443666106,-0.03461810523134157
2017-10-17,2017-10-19,513100,纳指ETF国泰,3,0.0,0.0,-0.03461810523134157
2017-10-20,2017-11-27,980081.CNI,国证价值100指数,27,0.042100487503649475,0.1917556711392443,-0.039528987584805275
2017-11-28,2017-11-29,513100,纳指ETF国泰,2,-0.01216216216216226,-0.057727331324757714,-0.05121039178985498
2017-11-30,2017-11-30,980081.CNI,国证价值100指数,1,-0.008427549420785718,-0.039514606048486556,-0.05920636310297389
2017-12-01,2017-12-01,513100,纳指ETF国泰,1,-0.004068716094032698,-0.018916386864359147,-0.06303418531458038
2017-12-04,2017-12-11,511880,银华日利ETF,6,0.0008893309142627981,0.0041178788396729615,-0.0629260506939825
2017-12-12,2017-12-12,513100,纳指ETF国泰,1,-0.0013477088948788962,-0.006245861211701786,-0.06346479282160411
2017-12-13,2017-12-13,511880,银华日利ETF,1,0.00013564069458227301,0.0006277699781875867,-0.0633377605356017
2017-12-14,2017-12-25,513100,纳指ETF国泰,8,0.005383580080753347,0.024919574308738923,-0.06669949131878483
2017-12-26,2017-12-29,399439.SZ,国证石油天然气指数,4,0.0029887464604276825,0.013908820566107316,-0.05548064736654312
2017-12-31,2017-12-31,980081.CNI,国证价值100指数,1,0.0,0.0,-0.05548064736654312
2018-01-02,2018-01-02,511880,银华日利ETF,1,0.00010996968220444714,0.000513298812965246,-0.05537677887349801
2018-01-03,2018-01-12,980081.CNI,国证价值100指数,8,0.056978068484126565,0.265982319764257,-0.05345947080765745
2018-01-15,2018-01-16,399439.SZ,国证石油天然气指数,2,-0.009757826636778488,-0.04814643335968327,-0.01314054055425773
2018-01-17,2018-02-06,980081.CNI,国证价值100指数,15,0.003850369457177427,0.01881286091909562,-0.027951032262007458
2018-02-07,2018-03-06,511880,银华日利ETF,15,0.003091963590654556,0.015165467251907927,-0.026208479622366387
2018-03-07,2018-03-20,980080.CN,国证成长100指数,10,-0.013444220377322402,-0.06614511839380732,-0.03687763855380943
2018-03-21,2018-03-26,399439.SZ,国证石油天然气指数,4,-0.029787499046254773,-0.14458320978722128,-0.06512816122963527
2018-03-27,2018-03-27,511880,银华日利ETF,1,0.0001282250055523182,0.000603842133826582,-0.0650082872829183
2018-03-28,2018-03-29,159934,黄金ETF易方达,2,-0.015299324002253423,-0.07205740411317585,-0.07931302843519872
2018-03-30,2018-03-30,511880,银华日利ETF,1,0.00031668476293877923,0.0014687158261699196,-0.07902146089986783
2018-03-31,2018-04-04,159934,黄金ETF易方达,4,0.0058121615479100885,0.026964091743986174,-0.07902146089986783
2018-04-09,2018-04-12,511880,银华日利ETF,4,0.00042513519801423705,0.0019837734086207703,-0.07355850239821526
2018-04-13,2018-04-23,159934,黄金ETF易方达,7,-0.009712200980702357,-0.04533851144796941,-0.0822753104585543
2018-04-24,2018-04-26,511880,银华日利ETF,3,0.00031586335985056557,0.0014601930441990874,-0.08220245812425175
2018-04-27,2018-05-03,513100,纳指ETF国泰,3,0.004970628106642616,0.022985790914502147,-0.07991129440023492
2018-05-04,2018-05-04,399439.SZ,国证石油天然气指数,1,0.00024058429850248864,0.0011180695755550474,-0.07720036815233111
2018-05-07,2018-05-21,513100,纳指ETF国泰,11,0.02610619469026565,0.12135274206725022,-0.06944231815007174
2018-05-22,2018-05-24,399439.SZ,国证石油天然气指数,3,-0.028997425641746677,-0.1383113353994112,-0.08056696581025302
2018-05-25,2018-05-25,511880,银华日利ETF,1,0.00029488376664876803,0.0013657448692248053,-0.08029583993394984
2018-05-28,2018-05-28,513100,纳指ETF国泰,1,0.0,0.0,-0.08029583993394984
2018-05-29,2018-05-29,511880,银华日利ETF,1,9.82559567674901e-05,0.00045520355888584163,-0.08020547352175944
2018-05-30,2018-06-25,513100,纳指ETF国泰,18,0.030914555603263505,0.14323608352774286,-0.07309671376366222
2018-06-26,2018-06-26,511880,银华日利ETF,1,0.00010792878028853536,0.0005155245720569468,-0.0516680932289314
2018-06-27,2018-06-27,513100,纳指ETF国泰,1,-0.008674101610904539,-0.041436539312870835,-0.0598940205491264
2018-06-28,2018-06-28,511880,银华日利ETF,1,0.00010790656287706923,0.0005110028039743142,-0.05979257694414364
2018-06-29,2018-06-29,513100,纳指ETF国泰,1,0.004519309778142855,0.02140397307014652,-0.055543488343644865
2018-06-30,2018-07-02,511880,银华日利ETF,2,0.00010785902327836716,0.0005131414031298576,-0.055543488343644865
2018-07-03,2018-07-03,513100,纳指ETF国泰,1,-0.006493506493506551,-0.030896315650498885,-0.06157511615958189
2018-07-04,2018-07-05,511880,银华日利ETF,2,0.0002057194998030809,0.0009724641140111956,-0.061473919390622966
2018-07-06,2018-07-30,513100,纳指ETF国泰,17,0.041751114714227766,0.19740381116333783,-0.04464141157566648
2018-07-31,2018-08-01,399439.SZ,国证石油天然气指数,2,-0.0032759693615371788,-0.016135828268542873,-0.04204160106924093
2018-08-02,2018-08-08,513100,纳指ETF国泰,5,0.02688172043010728,0.13197249305201808,-0.03431613011012202
2018-08-09,2018-08-09,399439.SZ,国证石油天然气指数,1,0.0025503343714929905,0.012857126231667237,-0.013781241860514326
2018-08-10,2018-08-13,513100,纳指ETF国泰,2,-0.0037411148522261684,-0.01890836648267502,-0.01931557832594366
2018-08-14,2018-08-17,399439.SZ,国证石油天然气指数,4,-0.0353704522999464,-0.17810076752468174,-0.052223301723577475
2018-08-20,2018-08-20,513100,纳指ETF国泰,1,-0.0030041306796845246,-0.014591655206342757,-0.05507054678035972
2018-08-21,2018-08-21,399439.SZ,国证石油天然气指数,1,0.004264024847003389,0.020648990481561214,-0.051041344113165854
2018-08-22,2018-08-24,511880,银华日利ETF,3,0.00040958663954793195,0.0019919240933514715,-0.050966899204378024
2018-08-27,2018-09-03,513100,纳指ETF国泰,6,0.015943641082684756,0.07756974375444692,-0.04889265714033231
2018-09-04,2018-09-04,399439.SZ,国证石油天然气指数,1,0.013785410460604997,0.06813875056098695,-0.022220810715673833
2018-09-05,2018-09-07,513100,纳指ETF国泰,3,-0.02494497432135001,-0.12499814331390002,-0.04661148748432187
2018-09-10,2018-09-10,399439.SZ,国证石油天然气指数,1,0.0017353198397049852,0.008478697835503368,-0.04495705348360657
2018-09-11,2018-09-13,511880,银华日利ETF,3,0.00024320670096256158,0.001190359519545936,-0.044882253754086276
2018-09-14,2018-09-30,399439.SZ,国证石油天然气指数,11,0.06110156187709004,0.29913038852211304,-0.0457940848396583
2018-10-08,2018-10-08,513100,纳指ETF国泰,1,-0.03307888040712459,-0.17183672183145848,-0.03307888040712459
2018-10-09,2018-10-11,399439.SZ,国证石油天然气指数,3,-0.02334499967635839,-0.11726005553122487,-0.055651653631084486
2018-10-12,2018-10-31,159934,黄金ETF易方达,14,0.01999196321597263,0.09807376438796123,-0.04489429070975348
2018-11-01,2018-11-01,511880,银华日利ETF,1,7.720263638777425e-05,0.00038630140023165893,-0.036697912507695496
2018-11-02,2018-11-06,159934,黄金ETF易方达,3,-7.324867835878379e-05,-0.000366545144960817,-0.038508096911522904
2018-11-07,2018-11-12,511880,银华日利ETF,4,0.00041704909850071026,0.0020868106887554916,-0.03670283860121537
2018-11-13,2018-11-21,980080.CN,国证成长100指数,7,-0.014279931214703612,-0.0714830485445832,-0.0501273746805988
2018-11-22,2018-11-22,980081.CNI,国证价值100指数,1,-0.00452308228446352,-0.022318501775211885,-0.05442372672467788
2018-11-23,2018-11-23,980080.CN,国证成长100指数,1,-0.030869225761223196,-0.15163081882016805,-0.08361293417886984
2018-11-26,2018-12-03,511880,银华日利ETF,6,0.0005804710834389493,0.0027632788804963226,-0.08355959029511406
2018-12-04,2018-12-04,159934,黄金ETF易方达,1,-0.000775380094949929,-0.0036932677858922958,-0.08379195872876621
2018-12-05,2018-12-06,511880,银华日利ETF,2,0.00014502229410551237,0.0006902303427454015,-0.08372965217996442
2018-12-07,2019-01-10,159934,黄金ETF易方达,24,0.030220671347601202,0.14385546390298654,-0.08200650030137979
2019-01-11,2019-01-11,511880,银华日利ETF,1,0.00021977196003897248,0.0010777667848573813,-0.05575917853742196
2019-01-14,2019-01-14,159934,黄金ETF易方达,1,0.001002954364257791,0.004919592394911021,-0.054812148084625756
2019-01-15,2019-01-16,511880,银华日利ETF,2,0.0001502838240698967,0.0007378966618718508,-0.05473649291291216
2019-01-17,2019-01-23,513100,纳指ETF国泰,5,0.003397027600849478,0.016681981924654643,-0.05426868767019577
2019-01-24,2019-01-24,980081.CNI,国证价值100指数,1,0.0016601812746614986,0.008180444302343659,-0.049884039527856916
2019-01-25,2019-01-29,513100,纳指ETF国泰,3,-0.01685630004214067,-0.08319630603113382,-0.06589947923240214
2019-01-30,2019-02-22,980081.CNI,国证价值100指数,13,0.05706966248347323,0.27692623125312466,-0.0711962253542302
2019-02-25,2019-03-26,980080.CN,国证成长100指数,22,0.1430975558036054,0.7339975595515877,-0.0484440556101029
2019-03-27,2019-03-27,980081.CNI,国证价值100指数,1,0.011149034513806999,0.06537067300992039,-0.024001047372360196
2019-03-28,2019-03-31,980080.CN,国证成长100指数,3,0.028391558596516653,0.16832557326215802,-0.02966037390253462
2019-04-01,2019-04-01,513100,纳指ETF国泰,1,0.011179645335389399,0.06816279606936693,0.0
2019-04-02,2019-04-12,980080.CN,国证成长100指数,8,-0.007553771036026058,-0.04657056495635814,-0.032605563750415456
2019-04-15,2019-04-22,980081.CNI,国证价值100指数,6,-0.004005403219992876,-0.02450760761060433,-0.029919000367582993
2019-04-23,2019-05-08,513100,纳指ETF国泰,9,-0.003334568358651313,-0.02032129043668185,-0.031817224331711524
2019-05-09,2019-05-13,511880,银华日利ETF,3,0.00031668637519643994,0.001923492213636635,-0.03175997995461677
2019-05-14,2019-05-28,159934,黄金ETF易方达,11,0.01173350935494133,0.07128965135637877,-0.0271585824782552
2019-05-29,2019-05-29,511880,银华日利ETF,1,6.956465468421769e-05,0.00042761539758284783,-0.020078671620529787
2019-05-30,2019-05-30,159934,黄金ETF易方达,1,-0.005495408242680133,-0.03378274013860061,-0.025463739365684468
2019-05-31,2019-05-31,511880,银华日利ETF,1,0.00019734410422378446,0.0012064959281046228,-0.02527142038029595
2019-06-03,2019-07-04,159934,黄金ETF易方达,24,0.08243271897827475,0.5040655609535643,-0.03855391770270977
2019-07-05,2019-07-08,980080.CN,国证成长100指数,2,-0.019534888714152876,-0.1293002171405293,-0.03469271087525594
2019-07-09,2019-07-09,513100,纳指ETF国泰,1,0.005019720329867194,0.03257616668759322,-0.029847138251467453
2019-07-10,2019-07-10,980080.CN,国证成长100指数,1,-0.00277555090870496,-0.018102736840885925,-0.03253984690847622
2019-07-11,2019-07-19,513100,纳指ETF国泰,7,-0.012014134275618371,-0.07814126539436739,-0.04416304309402819
2019-07-22,2019-07-22,159934,黄金ETF易方达,1,-0.006258846098358917,-0.04021915690235556,-0.05014547950242643
2019-07-23,2019-07-31,513100,纳指ETF国泰,7,-0.006369426751592244,-0.04067357188234677,-0.05619550829540454
2019-08-01,2019-08-01,159934,黄金ETF易方达,1,-0.014800208127926706,-0.09390846334972913,-0.07016401120470461
2019-08-02,2019-08-02,980080.CN,国证成长100指数,1,-0.014773469993035748,-0.0923514539539072,-0.08390091528361665
2019-08-05,2019-08-23,159934,黄金ETF易方达,15,0.06258313262718862,0.3854380796836292,-0.05747520533504802
2019-08-26,2019-08-26,980080.CN,国证成长100指数,1,-0.0064355645824432095,-0.042115978116417985,-0.03283314563319928
2019-08-27,2019-09-04,159934,黄金ETF易方达,7,0.00499182701009393,0.03245755506988157,-0.03863306391381771
2019-09-05,2019-09-24,980080.CN,国证成长100指数,13,0.020340012537110264,0.13291378394856856,-0.0251233153550382
2019-09-25,2019-10-21,511880,银华日利ETF,14,0.0017259496937844787,0.011507788114705875,-0.009056288934393586
2019-10-22,2019-12-03,513100,纳指ETF国泰,31,0.03365384615384581,0.22477466190048112,-0.024627349319507497
2019-12-04,2019-12-04,980081.CNI,国证价值100指数,1,-0.008470859125366381,-0.05848105951726179,-0.03288959363815713
2019-12-05,2019-12-09,513100,纳指ETF国泰,3,0.008245382585752026,0.056442217409516715,-0.029380947704786275
2019-12-10,2020-01-13,980081.CNI,国证价值100指数,24,0.08441146893211315,0.5825872224561719,-0.028852373369607553
2020-01-14,2020-01-23,980080.CN,国证成长100指数,8,-0.018919821940506454,-0.14160240979509275,-0.039897153175437294
2020-02-03,2020-02-24,513100,纳指ETF国泰,16,0.002119927316777348,0.015566073319948082,-0.0631370328425821
2020-02-25,2020-03-09,980080.CN,国证成长100指数,10,-0.052006118866485984,-0.3826768964897376,-0.11925523162116947
2020-03-10,2020-03-10,399439.SZ,国证石油天然气指数,1,-0.008603093724698363,-0.060011984348876446,-0.11950039443474991
2020-03-11,2020-03-11,980081.CNI,国证价值100指数,1,-0.01308776802688738,-0.09050998255146236,-0.1310241690201538
2020-03-12,2020-03-13,399439.SZ,国证石油天然气指数,2,-0.04298999786613955,-0.29341130817184524,-0.1683814381397042
2020-03-16,2020-04-07,511880,银华日利ETF,16,0.0011728725219297687,0.007660845656624282,-0.16833128315015422
2020-04-08,2020-04-10,159934,黄金ETF易方达,3,0.0029210036942106665,0.019101482756004984,-0.16937959958068638
2020-04-13,2020-05-19,513100,纳指ETF国泰,24,0.13678929765886338,0.8971267797846059,-0.15603731296991952
2020-05-20,2020-05-21,980080.CN,国证成长100指数,2,-0.03726433348865299,-0.2778273747686528,-0.08612454697244443
2020-05-22,2020-06-19,513100,纳指ETF国泰,21,0.06682229355121105,0.4796341714398862,-0.08159117005342809
2020-06-22,2020-07-23,980080.CN,国证成长100指数,22,0.23858997623752676,1.8269767281716138,-0.10936211941590523
2020-07-24,2020-08-12,159934,黄金ETF易方达,14,-0.014047859832100329,-0.1332350679374592,-0.0874932410602981
2020-08-13,2020-09-04,513100,纳指ETF国泰,17,0.023749999999999938,0.2220893998284872,-0.08931825457817744
2020-09-07,2020-09-08,511880,银华日利ETF,2,9.921478583763133e-05,0.0009498051729046608,-0.06577486336096683
2020-09-09,2020-09-09,980081.CNI,国证价值100指数,1,-0.01976887421253648,-0.18927059858380346,-0.08419801653147885
2020-09-10,2020-10-14,511880,银华日利ETF,19,0.0020115575990429235,0.01887826938703263,-0.08415259270695385
2020-10-15,2020-10-19,513100,纳指ETF国泰,3,-0.03601440576230508,-0.33867153061808075,-0.11540423764490837
2020-10-20,2020-10-23,980080.CN,国证成长100指数,4,-0.04380505038672955,-0.397097511367015,-0.15415399958676057
2020-10-26,2020-10-26,399439.SZ,国证石油天然气指数,1,-0.003677395548164486,-0.03187570307034271,-0.15726450990311291
2020-10-27,2020-11-04,511880,银华日利ETF,7,0.0005504173671204704,0.004753478554002655,-0.15721488191634703
2020-11-05,2020-12-01,980081.CNI,国证价值100指数,19,0.06999569547936368,0.6048249814745219,-0.1375124712579966
2020-12-02,2020-12-07,399439.SZ,国证石油天然气指数,4,-0.012221854555187317,-0.11299976217435415,-0.10880712657426228
2020-12-08,2020-12-25,513100,纳指ETF国泰,14,0.008256664307619399,0.07540574919877585,-0.1260465263432906
2020-12-28,2021-01-28,980080.CN,国证成长100指数,23,0.13887160677188137,1.2787463089509057,-0.11935446370909486
2021-01-29,2021-02-02,513100,纳指ETF国泰,3,0.01748807631160587,0.18339510432784678,-0.1017937922415747
2021-02-03,2021-02-03,980080.CN,国证成长100指数,1,-0.01573709781210808,-0.16791893498583654,-0.07956349089577786
2021-02-04,2021-02-22,513100,纳指ETF国泰,8,-0.014580529385374796,-0.15312970148708338,-0.09298394246414377
2021-02-23,2021-03-08,399439.SZ,国证石油天然气指数,10,-0.010086749417512753,-0.10438990790054525,-0.13930883059217836
2021-03-09,2021-03-12,511880,银华日利ETF,4,0.000327751438291779,0.003357755168835297,-0.10208805041704971
2021-03-15,2021-03-16,399439.SZ,国证石油天然气指数,2,0.007836161330934344,0.08030639046679333,-0.09480037053781332
2021-03-17,2021-03-17,980081.CNI,国证价值100指数,1,-0.008351282386229952,-0.08625610501794867,-0.10235994825936279
2021-03-18,2021-03-18,399439.SZ,国证石油天然气指数,1,-0.0038234845445095367,-0.03916100853332871,-0.10579206112372586
2021-03-19,2021-03-25,980081.CNI,国证价值100指数,5,-0.035898450652685265,-0.36627437270533747,-0.13817488659104615
2021-03-26,2021-03-26,511880,银华日利ETF,1,0.00017888405901933524,0.0017596457691215761,-0.13773852344485993
2021-03-29,2021-03-29,513100,纳指ETF国泰,1,-0.0004589261128958855,-0.004515169516389861,-0.13813423775259526
2021-03-30,2021-03-31,511880,银华日利ETF,2,0.00011896958344270736,0.0011699515479808298,-0.13808330493158483
2021-04-01,2021-04-22,513100,纳指ETF国泰,15,0.0382612633008832,0.3763075272228509,-0.1241762006599827
2021-04-23,2021-04-26,980080.CN,国证成长100指数,2,0.019875412913755497,0.20295811059936852,-0.09138024594384875
2021-04-27,2021-04-27,513100,纳指ETF国泰,1,-0.004492939666238871,-0.04679160691429374,-0.09136510575697443
2021-04-28,2021-05-13,980080.CN,国证成长100指数,9,-0.0360159802011899,-0.37340227247272395,-0.12409048211814155
2021-05-14,2021-05-17,159934,黄金ETF易方达,2,0.016114135410944197,0.16104919602639178,-0.12019366246809338
2021-05-18,2021-05-24,399439.SZ,国证石油天然气指数,5,-0.010031112470470838,-0.1018692585353147,-0.11890388881060532
2021-05-25,2021-05-25,159934,黄金ETF易方达,1,-0.0029764830037195544,-0.029923955360999344,-0.12152645641020399
2021-05-26,2021-05-26,399439.SZ,国证石油天然气指数,1,-0.0008614866397401721,-0.008635143121267674,-0.12228324963137183
2021-05-27,2021-05-28,159934,黄金ETF易方达,2,-0.011129073209298457,-0.11145657482298965,-0.13205142360325184
2021-05-31,2021-05-31,399439.SZ,国证石油天然气指数,1,-0.008572659208825106,-0.08489886052884188,-0.13949205095948614
2021-06-01,2021-06-02,159934,黄金ETF易方达,2,-0.008003350239635165,-0.07858126504573626,-0.14637899745964744
2021-06-03,2021-06-16,980080.CN,国证成长100指数,9,-0.023233162172756505,-0.22629018768655662,-0.16621131264573852
2021-06-17,2021-06-17,513100,纳指ETF国泰,1,0.016086956521739193,0.15304607395711578,-0.15279819028395247
2021-06-18,2021-07-27,980080.CN,国证成长100指数,28,0.22400503874549904,2.1653941990564167,-0.13534892181351976
2021-07-28,2021-07-29,513100,纳指ETF国泰,2,0.009057971014492683,0.10717495598385796,-0.055701553854357266
2021-07-30,2021-08-05,980080.CN,国证成长100指数,5,0.008718020905985169,0.10408698066479616,-0.08223682481782013
2021-08-06,2021-08-06,513100,纳指ETF国泰,1,-0.00575511014090091,-0.06931096154807115,-0.05086838567221719
2021-08-09,2021-08-09,980080.CN,国证成长100指数,1,-0.019080095698868482,-0.2284663273924874,-0.06897790770441281
2021-08-10,2021-08-10,513100,纳指ETF国泰,1,-0.005362462760675313,-0.06298534146669432,-0.0739704790037139
2021-08-11,2021-08-12,980080.CN,国证成长100指数,2,0.018686028781047748,0.2183016697918969,-0.06173302993535834
2021-08-13,2021-09-29,399439.SZ,国证石油天然气指数,32,0.3227036785405315,3.840469408845653,-0.08451088083707525
2021-09-30,2021-10-27,511880,银华日利ETF,15,0.001573182623874514,0.024764074184421503,-0.07632493809572827
2021-10-28,2021-11-26,513100,纳指ETF国泰,22,0.028789659224441655,0.4539020742563924,-0.0631838295815852
2021-11-29,2021-11-29,511880,银华日利ETF,1,5.906742508199336e-05,0.0009580766870769253,-0.048639857019439736
2021-11-30,2021-11-30,513100,纳指ETF国泰,1,-0.017135406965915423,-0.27795360347503717,-0.06494180024056306
2021-12-01,2021-12-07,399439.SZ,国证石油天然气指数,5,0.016887222505652444,0.2692339365770273,-0.05075753983132536
2021-12-08,2021-12-30,980081.CNI,国证价值100指数,17,0.0008132881537614711,0.013185263470440134,-0.06895600885030306
2021-12-31,2021-12-31,513100,纳指ETF国泰,1,-0.005408429690413885,-0.08775434260886072,-0.05352473130014468
2022-01-04,2022-01-21,980081.CNI,国证价值100指数,14,0.036762178907999044,0.5932577867380502,-0.047556323776338894
2022-01-24,2022-01-27,159934,黄金ETF易方达,4,-0.01701784185090094,-0.28472515108157026,-0.035429331760605365
2022-01-28,2022-02-07,511880,银华日利ETF,2,0.0006176963899926502,0.010158791502483666,-0.03490062250973991
2022-02-08,2022-02-08,980081.CNI,国证价值100指数,1,0.025780181489814424,0.4242492991616835,-0.009951352917133227
2022-02-09,2022-02-10,159934,黄金ETF易方达,2,0.006901689702915936,0.11650508924662262,-0.005313610026053461
2022-02-11,2022-02-14,980081.CNI,国证价值100指数,2,-0.01728751232748804,-0.2938387309358106,-0.0203519482750264
2022-02-15,2022-03-01,159934,黄金ETF易方达,11,0.02074585640897464,0.34652484609094714,-0.022832580419833604
2022-03-02,2022-03-09,399439.SZ,国证石油天然气指数,6,-0.02180801125171483,-0.3718233846533394,-0.08505557171623479
2022-03-10,2022-03-16,159934,黄金ETF易方达,5,-0.05736029209747129,-0.9566566466359685,-0.1375370513755454
2022-03-17,2022-03-17,511880,银华日利ETF,1,4.956240211417828e-05,0.000779189005655212,-0.13749430564007714
2022-03-18,2022-03-21,159934,黄金ETF易方达,2,-0.001129312756464218,-0.017755226917726574,-0.13846834432324084
2022-03-22,2022-03-22,511880,银华日利ETF,1,6.0221217688116724e-05,0.0009457379023345425,-0.13841646183785916
2022-03-23,2022-04-07,513100,纳指ETF国泰,10,-0.008376963350784972,-0.1315630794053284,-0.15194918756815468
2022-04-08,2022-04-20,980081.CNI,国证价值100指数,9,-0.026284602701623805,-0.40935060736696194,-0.1680905886519125
2022-04-21,2022-04-26,159934,黄金ETF易方达,4,0.0005955623296975965,0.00903136261448445,-0.1675951347447927
2022-04-27,2022-04-29,511880,银华日利ETF,3,0.00042682727342602256,0.006476446679688053,-0.16754573570428666
2022-05-05,2022-05-05,159934,黄金ETF易方达,1,-0.0062362092881875775,-0.09466526240810857,-0.17243310828013048
2022-05-06,2022-05-09,511880,银华日利ETF,2,0.00020836898039866547,0.0031433026340170755,-0.17230157613665298
2022-05-10,2022-05-10,159934,黄金ETF易方达,1,-0.0035913628479053994,-0.0541879722271279,-0.17523338129175614
2022-05-11,2022-05-18,511880,银华日利ETF,6,0.0003968594881731402,0.005966475550756911,-0.1751919964522184
2022-05-19,2022-06-13,980080.CN,国证成长100指数,17,0.1251352062453024,1.882057686821062,-0.181624053923076
2022-06-14,2022-06-17,399439.SZ,国证石油天然气指数,4,-0.037875296389017765,-0.6409352705620854,-0.1068190023826534
2022-06-20,2022-07-11,980080.CN,国证成长100指数,16,0.04974689224837325,0.8099448571102101,-0.11138884137152194
2022-07-12,2022-07-12,511880,银华日利ETF,1,3.941735091150811e-05,0.0006736922143595336,-0.062349065276758986
2022-07-13,2022-08-22,513100,纳指ETF国泰,29,0.11180124223602417,1.910899479763966,-0.06351384904660184
2022-08-23,2022-09-08,399439.SZ,国证石油天然气指数,13,0.054728922807669944,1.0400046195387915,-0.0672464126232103
2022-09-09,2022-09-09,980081.CNI,国证价值100指数,1,0.014553113627943537,0.2916857037153129,-0.005227670744776036
2022-09-13,2022-09-13,399439.SZ,国证石油天然气指数,1,-0.007836504914481512,-0.1593515975627966,-0.013023208991774893
2022-09-14,2022-09-14,980081.CNI,国证价值100指数,1,-0.009310147293490112,-0.1878338270984088,-0.0222121082913177
2022-09-15,2022-09-15,399439.SZ,国证石油天然气指数,1,-0.02516203908903758,-0.502922195491891,-0.04681524544327931
2022-09-16,2022-09-16,980081.CNI,国证价值100指数,1,-0.0353900401560564,-0.68955427946916,-0.08054849218318239
2022-09-19,2022-10-10,511880,银华日利ETF,11,0.0008980039820583041,0.016877861043116837,-0.08052069180892885
2022-10-11,2022-10-20,159934,黄金ETF易方达,8,-0.010078178772255253,-0.18958807873825023,-0.08899753899715823
2022-10-21,2022-10-24,511880,银华日利ETF,2,0.00013739675426593934,0.002558623231443846,-0.0888991920975889
2022-10-25,2022-11-01,159934,黄金ETF易方达,6,-0.0035115418118466524,-0.06540144981089924,-0.09260153363031909
2022-11-02,2022-11-02,513100,纳指ETF国泰,1,-0.03147699757869249,-0.5841913274388446,-0.12065068569859927
2022-11-03,2022-11-07,159934,黄金ETF易方达,3,0.004736157147161801,0.08513298248490386,-0.12204635498465743
2022-11-08,2022-11-14,980080.CN,国证成长100指数,5,-0.07367495705401239,-1.3305881983787131,-0.1815788089111594
2022-11-15,2022-11-25,159934,黄金ETF易方达,9,0.009240633444314028,0.15459267928506648,-0.1779029642351334
2022-11-28,2022-12-13,980081.CNI,国证价值100指数,12,0.015296251667713312,0.25826581723130815,-0.18323017411225506
2022-12-14,2022-12-16,511880,银华日利ETF,3,0.00020646164673499,0.0035392731247547715,-0.16134876158069833
2022-12-19,2022-12-19,980081.CNI,国证价值100指数,1,-0.02302737601577043,-0.39482877820296736,-0.18052364598667658
2022-12-20,2022-12-22,511880,银华日利ETF,3,0.00014765162352725625,0.0024733465333888205,-0.18048351942587393
2022-12-23,2022-12-28,159934,黄金ETF易方达,4,-0.002459810236096982,-0.04121093477955995,-0.18532800345671996
2022-12-29,2022-12-29,511880,银华日利ETF,1,5.9485174637829985e-05,0.0009941456215258881,-0.18237006895986252
2022-12-30,2023-01-13,159934,黄金ETF易方达,11,0.017566124435018926,0.29359121171252767,-0.17813236472698235
2023-01-16,2023-02-06,980080.CN,国证成长100指数,11,0.013705998917253881,0.23309901063566585,-0.16657309329162273
2023-02-07,2023-02-16,513100,纳指ETF国泰,8,0.009291521486643362,0.1601874873181579,-0.1654201753324579
2023-02-17,2023-02-17,511880,银华日利ETF,1,0.00012994046022951622,0.0022610115415062637,-0.14865715148160086
2023-02-20,2023-02-20,399439.SZ,国证石油天然气指数,1,0.01568451806266946,0.27295181471934526,-0.13530424919648965
2023-02-21,2023-02-21,513100,纳指ETF国泰,1,-0.02543352601156068,-0.4495522890130772,-0.15729651106663667
2023-02-22,2023-02-28,399439.SZ,国证石油天然气指数,5,-0.005954795714041561,-0.10257746786217226,-0.164521011024632
2023-03-01,2023-03-10,980081.CNI,国证价值100指数,8,-0.010946229741048086,-0.18743720539213626,-0.171484134611822
2023-03-13,2023-03-13,159934,黄金ETF易方达,1,0.008844427240322084,0.14978932299130676,-0.16415638632294383
2023-03-14,2023-03-14,980081.CNI,国证价值100指数,1,-0.012073868400698906,-0.20629171275734137,-0.17424825211804518
2023-03-15,2023-04-03,159934,黄金ETF易方达,14,0.0197432935085069,0.3332571060767897,-0.17509356664759068
2023-04-04,2023-04-17,513100,纳指ETF国泰,9,-0.006514657980456251,-0.1121352859299023,-0.1762308565559162
2023-04-18,2023-04-27,399439.SZ,国证石油天然气指数,8,-0.024886238267782246,-0.42557038019129223,-0.19263706420164894
2023-04-28,2023-05-17,980081.CNI,国证价值100指数,11,-0.007205338632870872,-0.12014945924095599,-0.19012770555899317
2023-05-18,2023-07-19,513100,纳指ETF国泰,43,0.1912681912681904,3.1664279342384525,-0.1800253484557791
2023-07-20,2023-07-27,399439.SZ,国证石油天然气指数,6,-0.01534814117823724,-0.30268589825193004,-0.053785199153745133
2023-07-28,2023-07-31,159934,黄金ETF易方达,2,-0.007659746356334152,-0.1487419588662071,-0.05730891198865795
2023-08-01,2023-08-01,513100,纳指ETF国泰,1,-0.0035149384885765356,-0.06773255304744552,-0.060622413176747214
2023-08-02,2023-08-11,980081.CNI,国证价值100指数,8,-0.03549196551519296,-0.6815230673939858,-0.0939627700940232
2023-08-14,2023-08-24,511880,银华日利ETF,9,0.0004646341899281481,0.008605329868121459,-0.09392701413033544
2023-08-25,2023-09-19,159934,黄金ETF易方达,18,0.024670119874365737,0.4571190913220491,-0.09498199062849166
2023-09-20,2023-09-21,399439.SZ,国证石油天然气指数,2,-0.013164665427807476,-0.24994934226442211,-0.08340697456864743
2023-09-22,2023-09-22,159934,黄金ETF易方达,1,-0.0023837133691694268,-0.044662280589626846,-0.08559186961745557
2023-09-25,2023-09-25,399439.SZ,国证石油天然气指数,1,-0.0066163766401055035,-0.1236717805972738,-0.09164193821084121
2023-09-26,2023-09-27,159934,黄金ETF易方达,2,-0.02727747732218666,-0.5064908377222856,-0.11641965464172044
2023-09-28,2023-10-26,511880,银华日利ETF,16,0.0014306098485405983,0.02583911128325056,-0.11588776498838127
2023-10-27,2023-11-07,159934,黄金ETF易方达,8,-0.005880486160556586,-0.10636297007792805,-0.12035891117024355
2023-11-08,2023-11-09,511880,银华日利ETF,2,8.900353863250388e-05,0.001600379930248863,-0.12032433257032271
2023-11-10,2023-11-30,513100,纳指ETF国泰,15,0.039019963702359606,0.701683615405134,-0.10351645758682948
2023-12-01,2023-12-01,980081.CNI,国证价值100指数,1,0.0045607013338346825,0.08521381311187781,-0.08178531092125274
2023-12-04,2023-12-04,513100,纳指ETF国泰,1,-0.011304347826087024,-0.212177859187765,-0.09216512914562125
2023-12-05,2023-12-05,980081.CNI,国证价值100指数,1,-0.016081592209580498,-0.2984325713052023,-0.10676455933233853
2023-12-06,2023-12-06,159934,黄金ETF易方达,1,-0.0005070886885669701,-0.009258916858144062,-0.10721750892052817
2023-12-07,2023-12-07,980081.CNI,国证价值100指数,1,-0.0008648930353476469,-0.01578404751191087,-0.10798967027914308
2023-12-08,2024-01-02,513100,纳指ETF国泰,18,0.026019080659149818,0.47443000320109263,-0.10566874140736271
2024-01-03,2024-01-08,159934,黄金ETF易方达,4,-0.009682347698771632,-0.18114081211405164,-0.09364185612780163
2024-01-09,2024-01-17,980081.CNI,国证价值100指数,7,-0.0008304412562690766,-0.015385764237436206,-0.09825324853535711
2024-01-18,2024-02-19,513100,纳指ETF国泰,17,0.054862842892768215,1.0156116145403011,-0.08084432683948972
2024-02-20,2024-03-01,980081.CNI,国证价值100指数,9,0.02888580141463426,0.5640657972399552,-0.03674891438275041
2024-03-04,2024-03-25,980080.CN,国证成长100指数,16,0.0329934897978279,0.662888940960304,-0.04109058626242501
2024-03-26,2024-03-26,159934,黄金ETF易方达,1,0.00270159055704422,0.056069880888202306,-0.03850000564521083
2024-03-27,2024-03-27,980080.CN,国证成长100指数,1,-0.026123048262405857,-0.5436328107333885,-0.06361731640204393
2024-03-28,2024-04-23,159934,黄金ETF易方达,18,0.05410232313659313,1.0964827644824773,-0.058452550250316926
2024-04-24,2024-05-21,980081.CNI,国证价值100指数,17,0.07689759297599252,1.6427875838136856,-0.03677531642360743
2024-05-22,2024-05-30,513100,纳指ETF国泰,7,-0.009687034277198192,-0.22286091468497915,-0.0177383592017738
2024-05-31,2024-05-31,399439.SZ,国证石油天然气指数,1,-0.00805335277489272,-0.1834814911389664,-0.025648858712366884
2024-06-03,2024-06-05,511880,银华日利ETF,3,0.00013876876131635463,0.003136140874509863,-0.025600927301972387
2024-06-06,2024-06-30,513100,纳指ETF国泰,17,0.03592375366568912,0.8119809179495903,-0.026942514828395492
2024-07-01,2024-07-02,511880,银华日利ETF,2,8.947449866791857e-05,0.002095034497923365,-0.00975124328085597
2024-07-03,2024-07-17,513100,纳指ETF国泰,11,-0.010438413361168908,-0.2444360474102396,-0.04242424242424225
2024-07-18,2024-07-25,159934,黄金ETF易方达,6,-0.043387452395269976,-1.0053973587423535,-0.08397101502092497
2024-07-26,2024-08-02,511880,银华日利ETF,6,0.0003758938469915485,0.00833249150725024,-0.0838804019527355
2024-08-05,2024-08-05,159934,黄金ETF易方达,1,-0.018365696230123407,-0.40726799035846284,-0.10045651929184174
2024-08-06,2024-08-20,511880,银华日利ETF,11,0.0005544512104911359,0.012069407300256074,-0.10042950625109848
2024-08-21,2024-08-27,159934,黄金ETF易方达,5,0.002031348897425067,0.044243335259025685,-0.10186854580927673
2024-08-28,2024-08-29,513100,纳指ETF国泰,2,-0.012811387900355964,-0.27960235532400546,-0.10968367976135185
2024-08-30,2024-09-02,159934,黄金ETF易方达,2,-0.007366619340307468,-0.15871318622873432,-0.11624230118501333
2024-09-03,2024-09-06,511880,银华日利ETF,4,0.0002121848232243817,0.004537827413980011,-0.11620738367315397
2024-09-09,2024-09-09,159934,黄金ETF易方达,1,-0.004538832105442037,-0.09708897504433267,-0.12006686015239532
2024-09-10,2024-09-11,511880,银华日利ETF,2,7.168542679147905e-05,0.0015264444233444863,-0.12003596461802235
2024-09-12,2024-09-12,159934,黄金ETF易方达,1,-0.0012932354354557862,-0.027539677416250186,-0.12114182406219975
2024-09-13,2024-09-13,511880,银华日利ETF,1,0.00017992478266393164,0.0038265750112920216,-0.12098369569590173
2024-09-18,2024-09-27,159934,黄金ETF易方达,8,0.024910940835024098,0.5298921770005869,-0.12188547672836236
2024-09-30,2024-10-09,980081.CNI,国证价值100指数,3,0.032588325590493517,0.7104696879450962,-0.08235704567967383
2024-10-10,2024-10-22,980080.CN,国证成长100指数,9,0.012731085937260467,0.286599987556162,-0.15226266607724592
2024-10-23,2024-10-23,159934,黄金ETF易方达,1,0.005858282952017513,0.13355962852206815,-0.06523020236765287
2024-10-24,2024-10-24,399439.SZ,国证石油天然气指数,1,-0.006762505101704952,-0.15507766767352393,-0.07155158789306137
2024-10-25,2024-11-01,980080.CN,国证成长100指数,6,-0.04265641368120188,-0.9715811949110602,-0.11115586744154993
2024-11-04,2024-11-04,159934,黄金ETF易方达,1,-0.006720224934878116,-0.14653669852736328,-0.11712909994438936
2024-11-05,2024-11-05,399439.SZ,国证石油天然气指数,1,0.012702009344129017,0.27511014981502413,-0.1059148655222234
2024-11-06,2024-11-06,511880,银华日利ETF,1,3.3578897268959906e-05,0.0007365161715178203,-0.10588484312934299
2024-11-07,2024-11-07,980080.CN,国证成长100指数,1,0.019349428130610802,0.4244226709448604,-0.08858422616098438
2024-11-08,2024-11-13,513100,纳指ETF国泰,4,0.0013157894736843812,0.02941981459096965,-0.09038307308303495
2024-11-14,2024-11-15,980080.CN,国证成长100指数,2,-0.06578085688907187,-1.4727333267300402,-0.1474175919262607
2024-11-18,2024-11-21,513100,纳指ETF国泰,4,0.01627118644067793,0.34032399582909534,-0.14221539418208207
2024-11-22,2024-11-29,511880,银华日利ETF,6,0.0003698953349413614,0.007862520974178722,-0.1334546678386065
2024-12-02,2024-12-18,513100,纳指ETF国泰,13,0.012566137566138114,0.2672054958877048,-0.12405234016536115
2024-12-19,2024-12-19,159934,黄金ETF易方达,1,-0.0032193973288199285,-0.06931728684269345,-0.12515810789122905
2024-12-20,2024-12-20,980081.CNI,国证价值100指数,1,-0.008504047417696947,-0.18251233752548401,-0.13259780482470973
2024-12-23,2025-01-02,980080.CN,国证成长100指数,8,-0.06107613792651001,-1.299657948270525,-0.18557538093499337
2025-01-03,2025-01-06,159934,黄金ETF易方达,2,0.0036818014878094996,0.07356110515868153,-0.18257683116081125
2025-01-07,2025-01-07,980081.CNI,国证价值100指数,1,0.0004377098454273476,0.008777487940623274,-0.18221903699192987
2025-01-08,2025-02-12,159934,黄金ETF易方达,20,0.08771897977353449,1.7598171731104593,-0.17784816631417066
2025-02-13,2025-02-13,980080.CN,国证成长100指数,1,-0.033165262991173505,-0.7237259277440806,-0.13998515315992754
2025-02-14,2025-02-26,159934,黄金ETF易方达,9,-0.006870228143638579,-0.14494862200008996,-0.1495685360799851
2025-02-27,2025-03-03,980080.CN,国证成长100指数,3,-0.06759580962959755,-1.41634387000461,-0.203627661510422
2025-03-04,2025-03-06,511880,银华日利ETF,3,0.00010686657744152228,0.0020878295997412977,-0.20359871403212826
2025-03-07,2025-03-07,980080.CN,国证成长100指数,1,-0.013295627101370888,-0.2597815985478107,-0.21413195710278077
2025-03-10,2025-03-11,511880,银华日利ETF,2,6.977585958778398e-05,0.0013452153276354295,-0.21410282621185373
2025-03-12,2025-03-28,980081.CNI,国证价值100指数,13,0.02311284417795978,0.4456257778956605,-0.21603224864911053
2025-03-31,2025-04-30,159934,黄金ETF易方达,22,0.08147343129233175,1.607150167860997,-0.20390020932037212
2025-05-06,2025-05-06,513100,纳指ETF国泰,1,0.011331444759206777,0.241736144539896,-0.12054659850215077
2025-05-07,2025-05-08,159934,黄金ETF易方达,2,-0.00720106732725645,-0.15536267401449066,-0.12687960165752155
2025-05-09,2025-05-26,513100,纳指ETF国泰,12,0.03933747412008337,0.8425924975098589,-0.12687960165752155
2025-05-27,2025-05-27,980081.CNI,国证价值100指数,1,-0.0017793311688808489,-0.039611792048905414,-0.09414793445596625
2025-05-28,2025-05-28,513100,纳指ETF国泰,1,-0.0038910505836574627,-0.08646913981179694,-0.09767265066430875
2025-05-29,2025-05-29,511880,银华日利ETF,1,2.682224535544009e-05,0.0005937398998270282,-0.09764844821875396
2025-05-30,2025-05-30,513100,纳指ETF国泰,1,-0.0019493177387913674,-0.043151449379571716,-0.0994074181052671
2025-06-03,2025-06-03,980081.CNI,国证价值100指数,1,-0.0024094701850729816,-0.053233730930056566,-0.10157736908024051
2025-06-04,2025-06-13,513100,纳指ETF国泰,8,-0.0032051282051280827,-0.07064201394682712,-0.10676057656631599
2025-06-16,2025-06-25,399439.SZ,国证石油天然气指数,8,-0.029693954819701496,-0.6523662796285699,-0.13104914429019288
2025-06-26,2025-07-14,980080.CN,国证成长100指数,13,0.02325389069025663,0.49571016535630363,-0.13104449843309718
2025-07-15,2025-07-15,513100,纳指ETF国泰,1,0.0012224938875304847,0.02666627166649249,-0.10975566665831249
2025-07-16,2025-09-08,980080.CN,国证成长100指数,39,0.24401676961150476,5.32924730763559,-0.11530041833136362
2025-09-09,2025-10-28,159934,黄金ETF易方达,30,0.09089576470217353,2.46954010516275,-0.10101651429819902
2025-10-29,2025-11-10,399439.SZ,国证石油天然气指数,9,0.04502431926160466,1.334451661401875,-0.09617201918293194
2025-11-11,2025-11-18,980081.CNI,国证价值100指数,6,-0.02534196172632952,-0.7849144409039113,-0.08434814418477632
2025-11-19,2025-11-21,399439.SZ,国证石油天然气指数,3,-0.017405928092499412,-0.5254501768929458,-0.10028591454485969
2025-11-24,2025-12-01,511880,银华日利ETF,6,0.00022353281353537646,0.0066305534707744584,-0.10026126166229787
2025-12-02,2025-12-11,159934,黄金ETF易方达,8,-0.0064983242302698585,-0.19279996106447683,-0.11084062852400933
2025-12-12,2026-01-21,980080.CN,国证成长100指数,27,0.12752937614024984,3.7591045491359303,-0.1369415886811869
2026-01-22,2026-01-28,399439.SZ,国证石油天然气指数,5,0.08140664859368063,2.705589537197035,-0.01110897307133063
2026-01-29,2026-02-02,159934,黄金ETF易方达,3,-0.1308502742809664,-4.702899604138555,-0.17144444370216094
2026-02-03,2026-02-13,399439.SZ,国证石油天然气指数,9,0.023052548989800137,0.7201195831881897,-0.16494576594663557
2026-02-24,2026-02-24,511880,银华日利ETF,1,3.523924933213074e-05,0.0011261863471965228,-0.15231425539314736
2026-02-25,2026-03-16,399439.SZ,国证石油天然气指数,14,0.0786012131452718,2.512049324539692,-0.1444522114436284
2026-03-17,2026-03-18,511880,银华日利ETF,2,5.462395360988914e-05,0.0018829680393182002,-0.10670150688401947
2026-03-19,2026-03-19,980080.CN,国证成长100指数,1,-0.029835202515113624,-1.0285195005900007,-0.1333283333604225
2026-03-20,2026-04-09,511880,银华日利ETF,14,0.0006230932591657634,0.020839250985311253,-0.13325795048626632
2026-04-10,2026-05-21,980080.CN,国证成长100指数,27,0.17831631851234042,5.967475755393224,-0.1115796871068726
2026-05-22,2026-05-22,513100,纳指ETF国泰,1,0.004542051410032499,0.17910739271438558,-0.056522122294613286
2026-05-25,2026-05-27,980080.CN,国证成长100指数,3,0.01604733172481909,0.6356710282308171,-0.04138181981604672
2026-05-28,2026-05-28,513100,纳指ETF国泰,1,0.007633961340836937,0.30725112651308706,-0.03406376568789904
2026-05-29,2026-06-01,980080.CN,国证成长100指数,2,-0.05314368079174081,-2.1552514947330437,-0.08539717258935742
2026-06-02,2026-06-05,513100,纳指ETF国泰,4,-0.0027451358119821023,-0.10541301655990054,-0.08790788156462248
